"","2H:580104454","2H:580270199","2H:580548473","2H:580550249","2H:580714723","2H:580716366","2H:580764313","2H:580765194","2H:580765778","2H:580769754","2H:580769762","2H:580771417","2H:580947839","2H:580951752","2H:580954097","2H:581003787","2H:581007791","2H:581010103","2H:581011639","2H:581015022","2H:581053716","2H:581054427","2H:581246871","2H:581366442","2H:581366795","2H:581367010","2H:581367336","2H:581367873","2H:581367957","2H:581635861","2H:581638922","2H:581662129","2H:581679705","2H:581680357","2H:581681432"
"2H:580104454",1,0.264770533118375,0.0723240671939307,0.0608513407989544,0.06903603718962,0.0465321026176385,0.197484065870681,0.0403303320731047,0.0403303320731047,0.0739162071355633,0.0739162071355633,0.208352204233977,0.0399759540055105,0.0399759540055105,0.0399759540055105,0.0769306846444658,0.0783830777732502,0.0399759540055105,0.047570294196008,0.0399759540055105,0.120394571677865,0.036292023059527,0.0721191581639841,0.0534896746955112,0.0399759540055105,0.0284853949993337,0.124194112844988,0.0399759540055105,0.040882343209421,0.0310481675641178,0.122281213008042,0.0399759540055105,0.0514782347199519,0.0327610108419727,0.124194112844988
"2H:580270199",0.264770533118375,1,0.130274335750005,0.229826711009977,0.156530418914769,0.183938506125677,3.20075110959372e-05,0.178717152532798,0.178717152532798,0.172796081028425,0.172796081028425,0.000396421601320216,0.428461326594681,0.428461326594681,0.428461326594681,0.263344093754493,0.268593572371698,0.428461326594681,0.179666119321292,0.428461326594681,0.0557590488976065,0.476201953312499,0.041392977010519,0.13197680651418,0.428461326594681,0.107585216012683,0.0505581607998477,0.428461326594681,0.414674252275399,0.438515020696244,0.0531229218229607,0.428461326594681,0.125273147975341,0.411320859557772,0.0505581607998477
"2H:580548473",0.0723240671939307,0.130274335750005,1,0.841370558375634,0.190373971079378,0.179700928449145,0.216945946767137,0.201142004990958,0.201142004990958,0.162241148817523,0.162241148817523,0.252382517252711,0.0926433139367402,0.0926433139367402,0.0926433139367402,0.52200337148434,0.536537397216951,0.0926433139367402,0.628312863606981,0.0926433139367402,0.215524255258013,0.0502233831895624,0.318507890961262,0.6795779724483,0.0926433139367402,2.65342704844569e-05,0.220426083919573,0.0926433139367402,0.0839418800849802,0.0952276044548582,0.210729052894367,0.0926433139367402,0.652385489865004,0.0890018223123118,0.206013711146036
"2H:580550249",0.0608513407989544,0.229826711009977,0.841370558375634,1,0.185765151787335,0.215260166175974,0.222715736040609,0.195275350105251,0.195275350105251,0.198514897459558,0.198514897459558,0.212347219465162,0.109831408443002,0.109831408443002,0.109831408443002,0.49585015025043,0.511421319796955,0.109831408443002,0.748529053488054,0.109831408443002,0.182275665852591,0.113795217306248,0.267983162065123,0.653716283917016,0.109831408443002,0.00160489300313202,0.18799810217352,0.109831408443002,0.0995044316401075,0.112200367019637,0.178230227540842,0.109831408443002,0.623326658068983,0.104177194852873,0.174252097423378
"2H:580714723",0.06903603718962,0.156530418914769,0.190373971079378,0.185765151787335,1,0.865089854747611,0.263911549774795,0.921204028019226,0.921204028019226,0.906009777781832,0.906009777781832,0.235419395102233,0.452945628698697,0.452945628698697,0.452945628698697,0.00590521597331804,0.00669016068246311,0.452945628698697,0.131517314277678,0.452945628698697,0.0479152739010377,0.367765233401594,0.00720020210328233,0.135658708473026,0.452945628698697,0.109004179814316,0.0503647995753427,0.452945628698697,0.439517723122452,0.439517723122452,0.0526671938059268,0.452945628698697,0.129823262706784,0.414000824309124,0.0503647995753427
"2H:580716366",0.0465321026176385,0.183938506125677,0.179700928449145,0.215260166175974,0.865089854747611,1,0.224119746004872,0.909644479501204,0.909644479501204,0.924821544261442,0.924821544261442,0.274523270917078,0.509347850780628,0.509347850780628,0.509347850780628,0.00538463862554774,0.00619612787716882,0.509347850780628,0.153846822140893,0.509347850780628,0.0580245148570574,0.43602282861698,0.00858906442748307,0.16005897560375,0.509347850780628,0.0856447291229634,0.0601490220308236,0.509347850780628,0.494112035419556,0.520446074848347,0.0628577605274037,0.509347850780628,0.153261655819479,0.490426205052606,0.0601490220308236
"2H:580764313",0.197484065870681,3.20075110959372e-05,0.216945946767137,0.222715736040609,0.263911549774795,0.224119746004872,1,0.277422432481257,0.277422432481257,0.202905055510641,0.202905055510641,0.892382125491413,0.0916912884971161,0.0916912884971161,0.0916912884971161,0.429086538461538,0.435483870967742,0.0916912884971161,0.174107142857143,0.0916912884971161,0.395744103453565,0.112835458161716,0.345010025269172,0.195772058823529,0.0916912884971161,0.104256465517241,0.408963870040524,0.0916912884971161,0.0946142584635501,0.0946142584635501,0.402308060713233,0.0916912884971161,0.188410194174757,0.0893929436017703,0.389793389525021
"2H:580765194",0.0403303320731047,0.178717152532798,0.201142004990958,0.195275350105251,0.921204028019226,0.909644479501204,0.277422432481257,1,1.00265131997797,0.85946164927779,0.85946164927779,0.248027253384719,0.428880628117455,0.428880628117455,0.428880628117455,0.00245238981112248,0.00298367428999333,0.428880628117455,0.152655730042597,0.428880628117455,0.0380665385539728,0.36740874692437,0.00513147865905345,0.157273017606817,0.428880628117455,0.100653891321528,0.0401049578099075,0.428880628117455,0.415760294267462,0.440327206345554,0.042210390118407,0.428880628117455,0.150966814811008,0.414389570816358,0.0401049578099075
"2H:580765778",0.0403303320731047,0.178717152532798,0.201142004990958,0.195275350105251,0.921204028019226,0.909644479501204,0.277422432481257,1.00265131997797,1,0.85946164927779,0.85946164927779,0.248027253384719,0.428880628117455,0.428880628117455,0.428880628117455,0.00245238981112248,0.00298367428999333,0.428880628117455,0.152655730042597,0.428880628117455,0.0380665385539728,0.36740874692437,0.00513147865905345,0.157273017606817,0.428880628117455,0.100653891321528,0.0401049578099075,0.428880628117455,0.415760294267462,0.440327206345554,0.042210390118407,0.428880628117455,0.150966814811008,0.414389570816358,0.0401049578099075
"2H:580769754",0.0739162071355633,0.172796081028425,0.162241148817523,0.198514897459558,0.906009777781832,0.924821544261442,0.202905055510641,0.85946164927779,0.85946164927779,1,1.00275663559554,0.252322118524568,0.552339665127951,0.552339665127951,0.552339665127951,0.0140708372090109,0.0153010974844499,0.552339665127951,0.15518823333148,0.552339665127951,0.062161177375806,0.452331745897893,0.00875648621877106,0.160038412175413,0.552339665127951,0.0980023118754166,0.0646719036678113,0.552339665127951,0.536587770940131,0.536587770940131,0.0673706059622408,0.552339665127951,0.153625874916604,0.506641914125584,0.0646719036678113
"2H:580769762",0.0739162071355633,0.172796081028425,0.162241148817523,0.198514897459558,0.906009777781832,0.924821544261442,0.202905055510641,0.85946164927779,0.85946164927779,1.00275663559554,1,0.252322118524568,0.552339665127951,0.552339665127951,0.552339665127951,0.0140708372090109,0.0153010974844499,0.552339665127951,0.15518823333148,0.552339665127951,0.062161177375806,0.452331745897893,0.00875648621877106,0.160038412175413,0.552339665127951,0.0980023118754166,0.0646719036678113,0.552339665127951,0.536587770940131,0.536587770940131,0.0673706059622408,0.552339665127951,0.153625874916604,0.506641914125584,0.0646719036678113
"2H:580771417",0.208352204233977,0.000396421601320216,0.252382517252711,0.212347219465162,0.235419395102233,0.274523270917078,0.892382125491413,0.248027253384719,0.248027253384719,0.252322118524568,0.252322118524568,1,0.134790302164782,0.134790302164782,0.134790302164782,0.409110442629996,0.415209947738331,0.134790302164782,0.166001596169194,0.134790302164782,0.453053748752454,0.157392527046465,0.39167484843305,0.186657903384818,0.134790302164782,0.0994028125602004,0.466791334508658,0.134790302164782,0.137927933076231,0.137927933076231,0.459875156829621,0.134790302164782,0.179638769864945,0.130763508679395,0.44615354411781
"2H:580947839",0.0399759540055105,0.428461326594681,0.0926433139367402,0.109831408443002,0.452945628698697,0.509347850780628,0.0916912884971161,0.428880628117455,0.428880628117455,0.552339665127951,0.552339665127951,0.134790302164782,1,0.998590115315879,0.998590115315879,0.21160237575027,0.214757195665224,0.998590115315879,0.0858602677113941,0.998590115315879,0.304090681646973,0.864274095855002,0.00516561675265481,0.0965442376754815,0.998590115315879,0.0514136748961464,0.295214117817603,0.998590115315879,0.977499141343064,0.977499141343064,0.299618255364143,0.998590115315879,0.0929137624449663,0.937341956523181,0.295214117817603
"2H:580951752",0.0399759540055105,0.428461326594681,0.0926433139367402,0.109831408443002,0.452945628698697,0.509347850780628,0.0916912884971161,0.428880628117455,0.428880628117455,0.552339665127951,0.552339665127951,0.134790302164782,0.998590115315879,1,0.998590115315879,0.21160237575027,0.214757195665224,0.998590115315879,0.0858602677113941,0.998590115315879,0.304090681646973,0.864274095855002,0.00516561675265481,0.0965442376754815,0.998590115315879,0.0514136748961464,0.295214117817603,0.998590115315879,0.977499141343064,0.977499141343064,0.299618255364143,0.998590115315879,0.0929137624449663,0.937341956523181,0.295214117817603
"2H:580954097",0.0399759540055105,0.428461326594681,0.0926433139367402,0.109831408443002,0.452945628698697,0.509347850780628,0.0916912884971161,0.428880628117455,0.428880628117455,0.552339665127951,0.552339665127951,0.134790302164782,0.998590115315879,0.998590115315879,1,0.21160237575027,0.214757195665224,0.998590115315879,0.0858602677113941,0.998590115315879,0.304090681646973,0.864274095855002,0.00516561675265481,0.0965442376754815,0.998590115315879,0.0514136748961464,0.295214117817603,0.998590115315879,0.977499141343064,0.977499141343064,0.299618255364143,0.998590115315879,0.0929137624449663,0.937341956523181,0.295214117817603
"2H:581003787",0.0769306846444658,0.263344093754493,0.52200337148434,0.49585015025043,0.00590521597331804,0.00538463862554774,0.429086538461538,0.00245238981112248,0.00245238981112248,0.0140708372090109,0.0140708372090109,0.409110442629996,0.21160237575027,0.21160237575027,0.21160237575027,1,0.985309829059829,0.21160237575027,0.3840519442491,0.21160237575027,0.0434802812409956,0.153154839972621,0.414404767704624,0.433878226475941,0.21160237575027,0.242973051289481,0.0442389521868642,0.21160237575027,0.216166436887027,0.199967966932417,0.0469892813277117,0.21160237575027,0.439096026760218,0.193316751486952,0.0442389521868642
"2H:581007791",0.0783830777732502,0.268593572371698,0.536537397216951,0.511421319796955,0.00669016068246311,0.00619612787716882,0.435483870967742,0.00298367428999333,0.00298367428999333,0.0153010974844499,0.0153010974844499,0.415209947738331,0.214757195665224,0.214757195665224,0.214757195665224,0.985309829059829,1,0.214757195665224,0.399801587301587,0.214757195665224,0.0405720722418048,0.142851061807014,0.421398065059552,0.449550653594771,0.214757195665224,0.239403735632184,0.0474431584995486,0.214757195665224,0.203083681828985,0.203083681828985,0.0439394911725279,0.214757195665224,0.432645631067961,0.196460158274429,0.0412631701049733
"2H:581010103",0.0399759540055105,0.428461326594681,0.0926433139367402,0.109831408443002,0.452945628698697,0.509347850780628,0.0916912884971161,0.428880628117455,0.428880628117455,0.552339665127951,0.552339665127951,0.134790302164782,0.998590115315879,0.998590115315879,0.998590115315879,0.21160237575027,0.214757195665224,1,0.0858602677113941,0.998590115315879,0.304090681646973,0.864274095855002,0.00516561675265481,0.0965442376754815,0.998590115315879,0.0514136748961464,0.295214117817603,0.998590115315879,0.977499141343064,0.977499141343064,0.299618255364143,0.998590115315879,0.0929137624449663,0.937341956523181,0.295214117817603
"2H:581011639",0.047570294196008,0.179666119321292,0.628312863606981,0.748529053488054,0.131517314277678,0.153846822140893,0.174107142857143,0.152655730042597,0.152655730042597,0.15518823333148,0.15518823333148,0.166001596169194,0.0858602677113941,0.0858602677113941,0.0858602677113941,0.3840519442491,0.399801587301587,0.0858602677113941,1,0.0858602677113941,0.330305238635917,0.086977953621067,0.209494773519164,0.889336016096579,0.0858602677113941,0.0573686371100164,0.340239912758997,0.0858602677113941,0.0758736837299142,0.0877121916780493,0.325385489841723,0.0858602677113941,0.849730261296322,0.0795042703636719,0.320540879462635
"2H:581015022",0.0399759540055105,0.428461326594681,0.0926433139367402,0.109831408443002,0.452945628698697,0.509347850780628,0.0916912884971161,0.428880628117455,0.428880628117455,0.552339665127951,0.552339665127951,0.134790302164782,0.998590115315879,0.998590115315879,0.998590115315879,0.21160237575027,0.214757195665224,0.998590115315879,0.0858602677113941,1,0.304090681646973,0.864274095855002,0.00516561675265481,0.0965442376754815,0.998590115315879,0.0514136748961464,0.295214117817603,0.998590115315879,0.977499141343064,0.977499141343064,0.299618255364143,0.998590115315879,0.0929137624449663,0.937341956523181,0.295214117817603
"2H:581053716",0.120394571677865,0.0557590488976065,0.215524255258013,0.182275665852591,0.0479152739010377,0.0580245148570574,0.395744103453565,0.0380665385539728,0.0380665385539728,0.062161177375806,0.062161177375806,0.453053748752454,0.304090681646973,0.304090681646973,0.304090681646973,0.0434802812409956,0.0405720722418048,0.304090681646973,0.330305238635917,0.304090681646973,1,0.332555782109292,0.127783673579484,0.353214088043807,0.304090681646973,0.163763580538498,0.971243333681899,0.304090681646973,0.291466298750215,0.310814810131392,0.985511064278188,0.304090681646973,0.358677916331019,0.304902398516012,0.971243333681899
"2H:581054427",0.036292023059527,0.476201953312499,0.0502233831895624,0.113795217306248,0.367765233401594,0.43602282861698,0.112835458161716,0.36740874692437,0.36740874692437,0.452331745897893,0.452331745897893,0.157392527046465,0.864274095855002,0.864274095855002,0.864274095855002,0.153154839972621,0.142851061807014,0.864274095855002,0.086977953621067,0.864274095855002,0.332555782109292,1,0.000403850075672835,0.0472042003793163,0.864274095855002,0.0594007438339749,0.342247508041879,0.864274095855002,0.883078321188456,0.883078321188456,0.327536851206965,0.864274095855002,0.0526512176534035,0.844703842422273,0.322594606961648
"2H:581246871",0.0721191581639841,0.041392977010519,0.318507890961262,0.267983162065123,0.00720020210328233,0.00858906442748307,0.345010025269172,0.00513147865905345,0.00513147865905345,0.00875648621877106,0.00875648621877106,0.39167484843305,0.00516561675265481,0.00516561675265481,0.00516561675265481,0.414404767704624,0.421398065059552,0.00516561675265481,0.209494773519164,0.00516561675265481,0.127783673579484,0.000403850075672835,1,0.219410445464763,0.00516561675265481,0.0982016750110174,0.1255454975549,0.00516561675265481,0.00412211179317065,0.00412211179317065,0.121426733390569,0.00516561675265481,0.21071732194054,0.00447329159133199,0.115249421945684
"2H:581366442",0.0534896746955112,0.13197680651418,0.6795779724483,0.653716283917016,0.135658708473026,0.16005897560375,0.195772058823529,0.157273017606817,0.157273017606817,0.160038412175413,0.160038412175413,0.186657903384818,0.0965442376754815,0.0965442376754815,0.0965442376754815,0.433878226475941,0.449550653594771,0.0965442376754815,0.889336016096579,0.0965442376754815,0.353214088043807,0.0472042003793163,0.219410445464763,1,0.0965442376754815,0.0645072684246112,0.382577458464302,0.0965442376754815,0.0864025914736928,0.0986266046696618,0.367735512780223,0.0965442376754815,0.962395733625051,0.0904977541298961,0.362273492419701
"2H:581366795",0.0399759540055105,0.428461326594681,0.0926433139367402,0.109831408443002,0.452945628698697,0.509347850780628,0.0916912884971161,0.428880628117455,0.428880628117455,0.552339665127951,0.552339665127951,0.134790302164782,0.998590115315879,0.998590115315879,0.998590115315879,0.21160237575027,0.214757195665224,0.998590115315879,0.0858602677113941,0.998590115315879,0.304090681646973,0.864274095855002,0.00516561675265481,0.0965442376754815,1,0.0514136748961464,0.295214117817603,0.998590115315879,0.977499141343064,0.977499141343064,0.299618255364143,0.998590115315879,0.0929137624449663,0.937341956523181,0.295214117817603
"2H:581367010",0.0284853949993337,0.107585216012683,2.65342704844569e-05,0.00160489300313202,0.109004179814316,0.0856447291229634,0.104256465517241,0.100653891321528,0.100653891321528,0.0980023118754166,0.0980023118754166,0.0994028125602004,0.0514136748961464,0.0514136748961464,0.0514136748961464,0.242973051289481,0.239403735632184,0.0514136748961464,0.0573686371100164,0.0514136748961464,0.163763580538498,0.0594007438339749,0.0982016750110174,0.0645072684246112,0.0514136748961464,1,0.168612308429119,0.0514136748961464,0.052522618756816,0.052522618756816,0.166171224732461,0.0514136748961464,0.0620815199196518,0.0547719660141938,0.168612308429119
"2H:581367336",0.124194112844988,0.0505581607998477,0.220426083919573,0.18799810217352,0.0503647995753427,0.0601490220308236,0.408963870040524,0.0401049578099075,0.0401049578099075,0.0646719036678113,0.0646719036678113,0.466791334508658,0.295214117817603,0.295214117817603,0.295214117817603,0.0442389521868642,0.0474431584995486,0.295214117817603,0.340239912758997,0.295214117817603,0.971243333681899,0.342247508041879,0.1255454975549,0.382577458464302,0.295214117817603,0.168612308429119,1,0.295214117817603,0.301744229392831,0.301744229392831,0.985522505922611,0.295214117817603,0.368190913807159,0.295745085825527,0.971056454562311
"2H:581367873",0.0399759540055105,0.428461326594681,0.0926433139367402,0.109831408443002,0.452945628698697,0.509347850780628,0.0916912884971161,0.428880628117455,0.428880628117455,0.552339665127951,0.552339665127951,0.134790302164782,0.998590115315879,0.998590115315879,0.998590115315879,0.21160237575027,0.214757195665224,0.998590115315879,0.0858602677113941,0.998590115315879,0.304090681646973,0.864274095855002,0.00516561675265481,0.0965442376754815,0.998590115315879,0.0514136748961464,0.295214117817603,1,0.977499141343064,0.977499141343064,0.299618255364143,0.998590115315879,0.0929137624449663,0.937341956523181,0.295214117817603
"2H:581367957",0.040882343209421,0.414674252275399,0.0839418800849802,0.0995044316401075,0.439517723122452,0.494112035419556,0.0946142584635501,0.415760294267462,0.415760294267462,0.536587770940131,0.536587770940131,0.137927933076231,0.977499141343064,0.977499141343064,0.977499141343064,0.216166436887027,0.203083681828985,0.977499141343064,0.0758736837299142,0.977499141343064,0.291466298750215,0.883078321188456,0.00412211179317065,0.0864025914736928,0.977499141343064,0.052522618756816,0.301744229392831,0.977499141343064,1,0.956660126095798,0.287049207411695,0.977499141343064,0.094917823556007,0.916982731812809,0.282699618557009
"2H:581635861",0.0310481675641178,0.438515020696244,0.0952276044548582,0.112200367019637,0.439517723122452,0.520446074848347,0.0946142584635501,0.440327206345554,0.440327206345554,0.536587770940131,0.536587770940131,0.137927933076231,0.977499141343064,0.977499141343064,0.977499141343064,0.199967966932417,0.203083681828985,0.977499141343064,0.0877121916780493,0.977499141343064,0.310814810131392,0.883078321188456,0.00412211179317065,0.0986266046696618,0.977499141343064,0.052522618756816,0.301744229392831,0.977499141343064,0.956660126095798,1,0.306244629219653,0.977499141343064,0.094917823556007,0.957732598411905,0.301744229392831
"2H:581638922",0.122281213008042,0.0531229218229607,0.210729052894367,0.178230227540842,0.0526671938059268,0.0628577605274037,0.402308060713233,0.042210390118407,0.042210390118407,0.0673706059622408,0.0673706059622408,0.459875156829621,0.299618255364143,0.299618255364143,0.299618255364143,0.0469892813277117,0.0439394911725279,0.299618255364143,0.325385489841723,0.299618255364143,0.985511064278188,0.327536851206965,0.121426733390569,0.367735512780223,0.299618255364143,0.166171224732461,0.985522505922611,0.299618255364143,0.287049207411695,0.306244629219653,1,0.299618255364143,0.373599701269604,0.300288489255624,0.985522505922611
"2H:581662129",0.0399759540055105,0.428461326594681,0.0926433139367402,0.109831408443002,0.452945628698697,0.509347850780628,0.0916912884971161,0.428880628117455,0.428880628117455,0.552339665127951,0.552339665127951,0.134790302164782,0.998590115315879,0.998590115315879,0.998590115315879,0.21160237575027,0.214757195665224,0.998590115315879,0.0858602677113941,0.998590115315879,0.304090681646973,0.864274095855002,0.00516561675265481,0.0965442376754815,0.998590115315879,0.0514136748961464,0.295214117817603,0.998590115315879,0.977499141343064,0.977499141343064,0.299618255364143,1,0.0929137624449663,0.937341956523181,0.295214117817603
"2H:581679705",0.0514782347199519,0.125273147975341,0.652385489865004,0.623326658068983,0.129823262706784,0.153261655819479,0.188410194174757,0.150966814811008,0.150966814811008,0.153625874916604,0.153625874916604,0.179638769864945,0.0929137624449663,0.0929137624449663,0.0929137624449663,0.439096026760218,0.432645631067961,0.0929137624449663,0.849730261296322,0.0929137624449663,0.358677916331019,0.0526512176534035,0.21071732194054,0.962395733625051,0.0929137624449663,0.0620815199196518,0.368190913807159,0.0929137624449663,0.094917823556007,0.094917823556007,0.373599701269604,0.0929137624449663,1,0.0989827988208641,0.368190913807159
"2H:581680357",0.0327610108419727,0.411320859557772,0.0890018223123118,0.104177194852873,0.414000824309124,0.490426205052606,0.0893929436017703,0.414389570816358,0.414389570816358,0.506641914125584,0.506641914125584,0.130763508679395,0.937341956523181,0.937341956523181,0.937341956523181,0.193316751486952,0.196460158274429,0.937341956523181,0.0795042703636719,0.937341956523181,0.304902398516012,0.844703842422273,0.00447329159133199,0.0904977541298961,0.937341956523181,0.0547719660141938,0.295745085825527,0.937341956523181,0.916982731812809,0.957732598411905,0.300288489255624,0.937341956523181,0.0989827988208641,1,0.314989830874193
"2H:581681432",0.124194112844988,0.0505581607998477,0.206013711146036,0.174252097423378,0.0503647995753427,0.0601490220308236,0.389793389525021,0.0401049578099075,0.0401049578099075,0.0646719036678113,0.0646719036678113,0.44615354411781,0.295214117817603,0.295214117817603,0.295214117817603,0.0442389521868642,0.0412631701049733,0.295214117817603,0.320540879462635,0.295214117817603,0.971243333681899,0.322594606961648,0.115249421945684,0.362273492419701,0.295214117817603,0.168612308429119,0.971056454562311,0.295214117817603,0.282699618557009,0.301744229392831,0.985522505922611,0.295214117817603,0.368190913807159,0.314989830874193,1
