"clusterComb","Freq","snps","chr","snp","comb"
"AA|CC|TT|GG|GG|CC|AA|CC|AA|CC|TT|GG|AA|AA|TT|TT|GG|TT|AA|GG|TT|CC|CC|GG|AA|GG|AA|GG|CC|GG|AA|GG|GG|CC|CC",0.185454545454545,"2H:579591005|2H:579591619|2H:579595557|2H:579781504|2H:579782284|2H:579782423|2H:579782826|2H:579916020|2H:580270199|2H:580548473|2H:580550249|2H:580714723|2H:580716366|2H:580764313|2H:580765194|2H:580765778|2H:580769754|2H:580769762|2H:580771417|2H:580947839|2H:580951752|2H:580954097|2H:581003787|2H:581007791|2H:581010103|2H:581011639|2H:581015022|2H:581053716|2H:581054427|2H:581246871|2H:581366442|2H:581366795|2H:581367336|2H:581367873|2H:581367957","2H","2H:580548473",1
"GG|AA|CC|CC|CC|TT|TT|AA|AA|TT|CC|GG|AA|GG|TT|TT|GG|TT|GG|GG|TT|CC|GG|AA|AA|AA|AA|CC|CC|AA|GG|GG|AA|CC|CC",0.181818181818182,"2H:579591005|2H:579591619|2H:579595557|2H:579781504|2H:579782284|2H:579782423|2H:579782826|2H:579916020|2H:580270199|2H:580548473|2H:580550249|2H:580714723|2H:580716366|2H:580764313|2H:580765194|2H:580765778|2H:580769754|2H:580769762|2H:580771417|2H:580947839|2H:580951752|2H:580954097|2H:581003787|2H:581007791|2H:581010103|2H:581011639|2H:581015022|2H:581053716|2H:581054427|2H:581246871|2H:581366442|2H:581366795|2H:581367336|2H:581367873|2H:581367957","2H","2H:580548473",2
"AA|CC|TT|GG|GG|CC|AA|CC|AA|CC|TT|GG|AA|AA|TT|TT|GG|TT|AA|GG|TT|CC|CC|GG|AA|GG|AA|GG|CC|GG|AA|GG|GG|CC|CC",0.185454545454545,"2H:579591005|2H:579591619|2H:579595557|2H:579781504|2H:579782284|2H:579782423|2H:579782826|2H:579916020|2H:580270199|2H:580548473|2H:580550249|2H:580714723|2H:580716366|2H:580764313|2H:580765194|2H:580765778|2H:580769754|2H:580769762|2H:580771417|2H:580947839|2H:580951752|2H:580954097|2H:581003787|2H:581007791|2H:581010103|2H:581011639|2H:581015022|2H:581053716|2H:581054427|2H:581246871|2H:581366442|2H:581366795|2H:581367336|2H:581367873|2H:581367957","2H","2H:580550249",1
"GG|AA|CC|CC|CC|TT|TT|AA|AA|TT|CC|GG|AA|GG|TT|TT|GG|TT|GG|GG|TT|CC|GG|AA|AA|AA|AA|CC|CC|AA|GG|GG|AA|CC|CC",0.181818181818182,"2H:579591005|2H:579591619|2H:579595557|2H:579781504|2H:579782284|2H:579782423|2H:579782826|2H:579916020|2H:580270199|2H:580548473|2H:580550249|2H:580714723|2H:580716366|2H:580764313|2H:580765194|2H:580765778|2H:580769754|2H:580769762|2H:580771417|2H:580947839|2H:580951752|2H:580954097|2H:581003787|2H:581007791|2H:581010103|2H:581011639|2H:581015022|2H:581053716|2H:581054427|2H:581246871|2H:581366442|2H:581366795|2H:581367336|2H:581367873|2H:581367957","2H","2H:580550249",2
"AA|CC|TT|GG|AA|AA|TT|TT|GG|TT|AA|GG|TT|CC|CC|GG|AA|GG|AA|GG|CC|GG|AA|GG|GG|CC|CC|TT|GG|GG|TT|GG|TT",0.225454545454545,"2H:580270199|2H:580548473|2H:580550249|2H:580714723|2H:580716366|2H:580764313|2H:580765194|2H:580765778|2H:580769754|2H:580769762|2H:580771417|2H:580947839|2H:580951752|2H:580954097|2H:581003787|2H:581007791|2H:581010103|2H:581011639|2H:581015022|2H:581053716|2H:581054427|2H:581246871|2H:581366442|2H:581366795|2H:581367336|2H:581367873|2H:581367957|2H:581635861|2H:581638922|2H:581662129|2H:581679705|2H:581680357|2H:581681432","2H","2H:581003787",1
"AA|TT|CC|GG|AA|GG|TT|TT|GG|TT|GG|GG|TT|CC|GG|AA|AA|AA|AA|CC|CC|AA|GG|GG|AA|CC|CC|TT|CC|GG|AA|GG|AA",0.181818181818182,"2H:580270199|2H:580548473|2H:580550249|2H:580714723|2H:580716366|2H:580764313|2H:580765194|2H:580765778|2H:580769754|2H:580769762|2H:580771417|2H:580947839|2H:580951752|2H:580954097|2H:581003787|2H:581007791|2H:581010103|2H:581011639|2H:581015022|2H:581053716|2H:581054427|2H:581246871|2H:581366442|2H:581366795|2H:581367336|2H:581367873|2H:581367957|2H:581635861|2H:581638922|2H:581662129|2H:581679705|2H:581680357|2H:581681432","2H","2H:581003787",2
"AA|CC|TT|GG|AA|AA|TT|TT|GG|TT|AA|GG|TT|CC|CC|GG|AA|GG|AA|GG|CC|GG|AA|GG|GG|CC|CC|TT|GG|GG|TT|GG|TT",0.225454545454545,"2H:580270199|2H:580548473|2H:580550249|2H:580714723|2H:580716366|2H:580764313|2H:580765194|2H:580765778|2H:580769754|2H:580769762|2H:580771417|2H:580947839|2H:580951752|2H:580954097|2H:581003787|2H:581007791|2H:581010103|2H:581011639|2H:581015022|2H:581053716|2H:581054427|2H:581246871|2H:581366442|2H:581366795|2H:581367336|2H:581367873|2H:581367957|2H:581635861|2H:581638922|2H:581662129|2H:581679705|2H:581680357|2H:581681432","2H","2H:581007791",1
"AA|TT|CC|GG|AA|GG|TT|TT|GG|TT|GG|GG|TT|CC|GG|AA|AA|AA|AA|CC|CC|AA|GG|GG|AA|CC|CC|TT|CC|GG|AA|GG|AA",0.181818181818182,"2H:580270199|2H:580548473|2H:580550249|2H:580714723|2H:580716366|2H:580764313|2H:580765194|2H:580765778|2H:580769754|2H:580769762|2H:580771417|2H:580947839|2H:580951752|2H:580954097|2H:581003787|2H:581007791|2H:581010103|2H:581011639|2H:581015022|2H:581053716|2H:581054427|2H:581246871|2H:581366442|2H:581366795|2H:581367336|2H:581367873|2H:581367957|2H:581635861|2H:581638922|2H:581662129|2H:581679705|2H:581680357|2H:581681432","2H","2H:581007791",2
"AA|AA|TT|CC|CC|CC|CC|CC|CC|CC|CC|GG|CC|GG|GG|TT|TT|CC|CC|TT|TT|CC|TT|TT|GG|CC|CC|CC|TT|GG|AA|CC|AA",0.109090909090909,"2H:581679705|2H:581680357|2H:581681432|2H:582464071|2H:582464471|2H:582465837|2H:582526655|2H:582526707|2H:582526776|2H:582562352|2H:582666865|2H:582666974|2H:582667046|2H:582673701|2H:582673921|2H:582673984|2H:582996512|2H:583004870|2H:583005993|2H:583042593|2H:583043647|2H:583144696|2H:583147548|2H:583148367|2H:583148593|2H:583174409|2H:583438184|2H:583439924|2H:583645868|2H:583650898|2H:583655534|2H:583655801|2H:583656135","2H","2H:582673984",1
"AA|GG|AA|CC|TT|TT|TT|CC|CC|TT|CC|GG|TT|GG|GG|TT|TT|CC|TT|TT|TT|CC|TT|CC|GG|TT|CC|CC|AA|GG|GG|CC|AA",0.152727272727273,"2H:581679705|2H:581680357|2H:581681432|2H:582464071|2H:582464471|2H:582465837|2H:582526655|2H:582526707|2H:582526776|2H:582562352|2H:582666865|2H:582666974|2H:582667046|2H:582673701|2H:582673921|2H:582673984|2H:582996512|2H:583004870|2H:583005993|2H:583042593|2H:583043647|2H:583144696|2H:583147548|2H:583148367|2H:583148593|2H:583174409|2H:583438184|2H:583439924|2H:583645868|2H:583650898|2H:583655534|2H:583655801|2H:583656135","2H","2H:582673984",2
"AA|GG|AA|CC|TT|TT|TT|CC|CC|TT|CC|GG|TT|GG|GG|TT|TT|CC|TT|TT|TT|CC|TT|CC|GG|TT|GG|TT|TT|AA|AA|GG|CC",0.16,"2H:581679705|2H:581680357|2H:581681432|2H:582464071|2H:582464471|2H:582465837|2H:582526655|2H:582526707|2H:582526776|2H:582562352|2H:582666865|2H:582666974|2H:582667046|2H:582673701|2H:582673921|2H:582673984|2H:582996512|2H:583004870|2H:583005993|2H:583042593|2H:583043647|2H:583144696|2H:583147548|2H:583148367|2H:583148593|2H:583174409|2H:583438184|2H:583439924|2H:583645868|2H:583650898|2H:583655534|2H:583655801|2H:583656135","2H","2H:582673984",3
