"clusterComb","Freq","snps","chr","snp","comb","samples"
"AA|CC|TT|GG|GG|CC|AA|CC|AA|CC|TT|GG|AA|AA|TT|TT|GG|TT|AA|GG|TT|CC|CC|GG|AA|GG|AA|GG|CC|GG|AA|GG|GG|CC|CC",0.185454545454545,"2H:579591005|2H:579591619|2H:579595557|2H:579781504|2H:579782284|2H:579782423|2H:579782826|2H:579916020|2H:580270199|2H:580548473|2H:580550249|2H:580714723|2H:580716366|2H:580764313|2H:580765194|2H:580765778|2H:580769754|2H:580769762|2H:580771417|2H:580947839|2H:580951752|2H:580954097|2H:581003787|2H:581007791|2H:581010103|2H:581011639|2H:581015022|2H:581053716|2H:581054427|2H:581246871|2H:581366442|2H:581366795|2H:581367336|2H:581367873|2H:581367957","2H","2H:580548473","1","G1|G19|G24|G26|G28|G33|G35|G36|G40|G56|G65|G119|G121|G122|G145|G159|G162|G166|G171|G179|G188|G190|G192|G194|G196|G198|G200|G203|G206|G208|G212|G213|G214|G218|G225|G226|G236|G237|G238|G239|G254|G284|G285|G289|G296|G300|G305|G311|G312|G313|G315"
"GG|AA|CC|CC|CC|TT|TT|AA|AA|TT|CC|GG|AA|GG|TT|TT|GG|TT|GG|GG|TT|CC|GG|AA|AA|AA|AA|CC|CC|AA|GG|GG|AA|CC|CC",0.181818181818182,"2H:579591005|2H:579591619|2H:579595557|2H:579781504|2H:579782284|2H:579782423|2H:579782826|2H:579916020|2H:580270199|2H:580548473|2H:580550249|2H:580714723|2H:580716366|2H:580764313|2H:580765194|2H:580765778|2H:580769754|2H:580769762|2H:580771417|2H:580947839|2H:580951752|2H:580954097|2H:581003787|2H:581007791|2H:581010103|2H:581011639|2H:581015022|2H:581053716|2H:581054427|2H:581246871|2H:581366442|2H:581366795|2H:581367336|2H:581367873|2H:581367957","2H","2H:580548473","2","G2|G7|G12|G21|G37|G42|G50|G63|G69|G70|G73|G76|G81|G82|G84|G89|G92|G93|G96|G97|G109|G123|G127|G131|G136|G137|G138|G140|G141|G146|G147|G149|G150|G154|G156|G204|G220|G235|G240|G241|G242|G243|G245|G247|G249|G252|G257|G258|G278|G308"
"AA|CC|TT|GG|GG|CC|AA|CC|AA|CC|TT|GG|AA|AA|TT|TT|GG|TT|AA|GG|TT|CC|CC|GG|AA|GG|AA|GG|CC|GG|AA|GG|GG|CC|CC",0.185454545454545,"2H:579591005|2H:579591619|2H:579595557|2H:579781504|2H:579782284|2H:579782423|2H:579782826|2H:579916020|2H:580270199|2H:580548473|2H:580550249|2H:580714723|2H:580716366|2H:580764313|2H:580765194|2H:580765778|2H:580769754|2H:580769762|2H:580771417|2H:580947839|2H:580951752|2H:580954097|2H:581003787|2H:581007791|2H:581010103|2H:581011639|2H:581015022|2H:581053716|2H:581054427|2H:581246871|2H:581366442|2H:581366795|2H:581367336|2H:581367873|2H:581367957","2H","2H:580550249","1","G1|G19|G24|G26|G28|G33|G35|G36|G40|G56|G65|G119|G121|G122|G145|G159|G162|G166|G171|G179|G188|G190|G192|G194|G196|G198|G200|G203|G206|G208|G212|G213|G214|G218|G225|G226|G236|G237|G238|G239|G254|G284|G285|G289|G296|G300|G305|G311|G312|G313|G315"
"GG|AA|CC|CC|CC|TT|TT|AA|AA|TT|CC|GG|AA|GG|TT|TT|GG|TT|GG|GG|TT|CC|GG|AA|AA|AA|AA|CC|CC|AA|GG|GG|AA|CC|CC",0.181818181818182,"2H:579591005|2H:579591619|2H:579595557|2H:579781504|2H:579782284|2H:579782423|2H:579782826|2H:579916020|2H:580270199|2H:580548473|2H:580550249|2H:580714723|2H:580716366|2H:580764313|2H:580765194|2H:580765778|2H:580769754|2H:580769762|2H:580771417|2H:580947839|2H:580951752|2H:580954097|2H:581003787|2H:581007791|2H:581010103|2H:581011639|2H:581015022|2H:581053716|2H:581054427|2H:581246871|2H:581366442|2H:581366795|2H:581367336|2H:581367873|2H:581367957","2H","2H:580550249","2","G2|G7|G12|G21|G37|G42|G50|G63|G69|G70|G73|G76|G81|G82|G84|G89|G92|G93|G96|G97|G109|G123|G127|G131|G136|G137|G138|G140|G141|G146|G147|G149|G150|G154|G156|G204|G220|G235|G240|G241|G242|G243|G245|G247|G249|G252|G257|G258|G278|G308"
"AA|CC|TT|GG|AA|AA|TT|TT|GG|TT|AA|GG|TT|CC|CC|GG|AA|GG|AA|GG|CC|GG|AA|GG|GG|CC|CC|TT|GG|GG|TT|GG|TT",0.225454545454545,"2H:580270199|2H:580548473|2H:580550249|2H:580714723|2H:580716366|2H:580764313|2H:580765194|2H:580765778|2H:580769754|2H:580769762|2H:580771417|2H:580947839|2H:580951752|2H:580954097|2H:581003787|2H:581007791|2H:581010103|2H:581011639|2H:581015022|2H:581053716|2H:581054427|2H:581246871|2H:581366442|2H:581366795|2H:581367336|2H:581367873|2H:581367957|2H:581635861|2H:581638922|2H:581662129|2H:581679705|2H:581680357|2H:581681432","2H","2H:581003787","1","G1|G13|G15|G19|G24|G26|G28|G33|G35|G36|G40|G47|G56|G65|G66|G71|G86|G94|G119|G121|G122|G145|G159|G162|G166|G169|G171|G179|G188|G190|G192|G194|G195|G196|G198|G200|G203|G206|G208|G212|G213|G214|G218|G225|G226|G236|G237|G238|G239|G254|G284|G285|G288|G289|G293|G296|G305|G311|G312|G313|G315|G317"
"AA|TT|CC|GG|AA|GG|TT|TT|GG|TT|GG|GG|TT|CC|GG|AA|AA|AA|AA|CC|CC|AA|GG|GG|AA|CC|CC|TT|CC|GG|AA|GG|AA",0.181818181818182,"2H:580270199|2H:580548473|2H:580550249|2H:580714723|2H:580716366|2H:580764313|2H:580765194|2H:580765778|2H:580769754|2H:580769762|2H:580771417|2H:580947839|2H:580951752|2H:580954097|2H:581003787|2H:581007791|2H:581010103|2H:581011639|2H:581015022|2H:581053716|2H:581054427|2H:581246871|2H:581366442|2H:581366795|2H:581367336|2H:581367873|2H:581367957|2H:581635861|2H:581638922|2H:581662129|2H:581679705|2H:581680357|2H:581681432","2H","2H:581003787","2","G2|G7|G12|G21|G37|G42|G50|G63|G69|G73|G76|G81|G82|G84|G89|G92|G93|G96|G97|G109|G123|G127|G131|G136|G137|G138|G140|G141|G146|G147|G149|G150|G154|G156|G204|G220|G223|G235|G240|G241|G242|G243|G245|G247|G249|G252|G257|G258|G278|G308"
"AA|CC|TT|GG|AA|AA|TT|TT|GG|TT|AA|GG|TT|CC|CC|GG|AA|GG|AA|GG|CC|GG|AA|GG|GG|CC|CC|TT|GG|GG|TT|GG|TT",0.225454545454545,"2H:580270199|2H:580548473|2H:580550249|2H:580714723|2H:580716366|2H:580764313|2H:580765194|2H:580765778|2H:580769754|2H:580769762|2H:580771417|2H:580947839|2H:580951752|2H:580954097|2H:581003787|2H:581007791|2H:581010103|2H:581011639|2H:581015022|2H:581053716|2H:581054427|2H:581246871|2H:581366442|2H:581366795|2H:581367336|2H:581367873|2H:581367957|2H:581635861|2H:581638922|2H:581662129|2H:581679705|2H:581680357|2H:581681432","2H","2H:581007791","1","G1|G13|G15|G19|G24|G26|G28|G33|G35|G36|G40|G47|G56|G65|G66|G71|G86|G94|G119|G121|G122|G145|G159|G162|G166|G169|G171|G179|G188|G190|G192|G194|G195|G196|G198|G200|G203|G206|G208|G212|G213|G214|G218|G225|G226|G236|G237|G238|G239|G254|G284|G285|G288|G289|G293|G296|G305|G311|G312|G313|G315|G317"
"AA|TT|CC|GG|AA|GG|TT|TT|GG|TT|GG|GG|TT|CC|GG|AA|AA|AA|AA|CC|CC|AA|GG|GG|AA|CC|CC|TT|CC|GG|AA|GG|AA",0.181818181818182,"2H:580270199|2H:580548473|2H:580550249|2H:580714723|2H:580716366|2H:580764313|2H:580765194|2H:580765778|2H:580769754|2H:580769762|2H:580771417|2H:580947839|2H:580951752|2H:580954097|2H:581003787|2H:581007791|2H:581010103|2H:581011639|2H:581015022|2H:581053716|2H:581054427|2H:581246871|2H:581366442|2H:581366795|2H:581367336|2H:581367873|2H:581367957|2H:581635861|2H:581638922|2H:581662129|2H:581679705|2H:581680357|2H:581681432","2H","2H:581007791","2","G2|G7|G12|G21|G37|G42|G50|G63|G69|G73|G76|G81|G82|G84|G89|G92|G93|G96|G97|G109|G123|G127|G131|G136|G137|G138|G140|G141|G146|G147|G149|G150|G154|G156|G204|G220|G223|G235|G240|G241|G242|G243|G245|G247|G249|G252|G257|G258|G278|G308"
"AA|AA|TT|CC|CC|CC|CC|CC|CC|CC|CC|GG|CC|GG|GG|TT|TT|CC|CC|TT|TT|CC|TT|TT|GG|CC|CC|CC|TT|GG|AA|CC|AA",0.109090909090909,"2H:581679705|2H:581680357|2H:581681432|2H:582464071|2H:582464471|2H:582465837|2H:582526655|2H:582526707|2H:582526776|2H:582562352|2H:582666865|2H:582666974|2H:582667046|2H:582673701|2H:582673921|2H:582673984|2H:582996512|2H:583004870|2H:583005993|2H:583042593|2H:583043647|2H:583144696|2H:583147548|2H:583148367|2H:583148593|2H:583174409|2H:583438184|2H:583439924|2H:583645868|2H:583650898|2H:583655534|2H:583655801|2H:583656135","2H","2H:582673984","1","G45|G59|G60|G61|G62|G68|G100|G104|G105|G111|G113|G168|G175|G180|G181|G182|G183|G184|G207|G222|G255|G263|G264|G267|G268|G272|G273|G277|G280|G318"
"AA|GG|AA|CC|TT|TT|TT|CC|CC|TT|CC|GG|TT|GG|GG|TT|TT|CC|TT|TT|TT|CC|TT|CC|GG|TT|CC|CC|AA|GG|GG|CC|AA",0.152727272727273,"2H:581679705|2H:581680357|2H:581681432|2H:582464071|2H:582464471|2H:582465837|2H:582526655|2H:582526707|2H:582526776|2H:582562352|2H:582666865|2H:582666974|2H:582667046|2H:582673701|2H:582673921|2H:582673984|2H:582996512|2H:583004870|2H:583005993|2H:583042593|2H:583043647|2H:583144696|2H:583147548|2H:583148367|2H:583148593|2H:583174409|2H:583438184|2H:583439924|2H:583645868|2H:583650898|2H:583655534|2H:583655801|2H:583656135","2H","2H:582673984","2","G2|G7|G50|G57|G64|G69|G73|G76|G81|G82|G84|G89|G92|G93|G96|G97|G123|G127|G131|G136|G137|G138|G140|G141|G150|G153|G154|G156|G204|G205|G223|G231|G232|G240|G243|G245|G249|G251|G257|G258|G278|G314"
"AA|GG|AA|CC|TT|TT|TT|CC|CC|TT|CC|GG|TT|GG|GG|TT|TT|CC|TT|TT|TT|CC|TT|CC|GG|TT|GG|TT|TT|AA|AA|GG|CC",0.16,"2H:581679705|2H:581680357|2H:581681432|2H:582464071|2H:582464471|2H:582465837|2H:582526655|2H:582526707|2H:582526776|2H:582562352|2H:582666865|2H:582666974|2H:582667046|2H:582673701|2H:582673921|2H:582673984|2H:582996512|2H:583004870|2H:583005993|2H:583042593|2H:583043647|2H:583144696|2H:583147548|2H:583148367|2H:583148593|2H:583174409|2H:583438184|2H:583439924|2H:583645868|2H:583650898|2H:583655534|2H:583655801|2H:583656135","2H","2H:582673984","3","G3|G12|G21|G25|G41|G42|G75|G77|G102|G109|G126|G129|G132|G135|G146|G147|G149|G216|G217|G219|G220|G221|G233|G241|G242|G246|G247|G250|G252|G253|G259|G261|G262|G265|G269|G270|G271|G274|G275|G279|G281|G282|G283|G309"
"None",1,"","2H","2H:580548473","0","G3|G4|G5|G8|G9|G13|G15|G17|G18|G22|G25|G27|G30|G34|G38|G39|G41|G43|G44|G45|G46|G47|G51|G52|G53|G54|G55|G57|G59|G60|G61|G62|G64|G66|G67|G68|G71|G72|G74|G75|G77|G80|G83|G86|G88|G90|G94|G99|G100|G101|G102|G103|G104|G105|G106|G108|G110|G111|G112|G113|G114|G115|G116|G117|G118|G125|G126|G128|G129|G130|G132|G133|G134|G135|G142|G143|G144|G148|G151|G152|G153|G155|G157|G158|G161|G163|G164|G165|G167|G168|G169|G170|G172|G173|G174|G175|G176|G177|G180|G181|G182|G183|G184|G186|G187|G191|G195|G199|G201|G202|G205|G207|G211|G215|G216|G217|G219|G221|G222|G223|G224|G231|G232|G233|G234|G246|G248|G250|G251|G253|G255|G256|G259|G260|G261|G262|G263|G264|G265|G266|G267|G268|G269|G270|G271|G272|G273|G274|G275|G276|G277|G279|G280|G281|G282|G283|G286|G287|G288|G290|G291|G292|G293|G295|G297|G298|G303|G306|G307|G309|G314|G316|G317|G318"
"None",1,"","2H","2H:580550249","0","G3|G4|G5|G8|G9|G13|G15|G17|G18|G22|G25|G27|G30|G34|G38|G39|G41|G43|G44|G45|G46|G47|G51|G52|G53|G54|G55|G57|G59|G60|G61|G62|G64|G66|G67|G68|G71|G72|G74|G75|G77|G80|G83|G86|G88|G90|G94|G99|G100|G101|G102|G103|G104|G105|G106|G108|G110|G111|G112|G113|G114|G115|G116|G117|G118|G125|G126|G128|G129|G130|G132|G133|G134|G135|G142|G143|G144|G148|G151|G152|G153|G155|G157|G158|G161|G163|G164|G165|G167|G168|G169|G170|G172|G173|G174|G175|G176|G177|G180|G181|G182|G183|G184|G186|G187|G191|G195|G199|G201|G202|G205|G207|G211|G215|G216|G217|G219|G221|G222|G223|G224|G231|G232|G233|G234|G246|G248|G250|G251|G253|G255|G256|G259|G260|G261|G262|G263|G264|G265|G266|G267|G268|G269|G270|G271|G272|G273|G274|G275|G276|G277|G279|G280|G281|G282|G283|G286|G287|G288|G290|G291|G292|G293|G295|G297|G298|G303|G306|G307|G309|G314|G316|G317|G318"
"None",1,"","2H","2H:581003787","0","G3|G4|G5|G8|G9|G17|G18|G22|G25|G27|G30|G34|G38|G39|G41|G43|G44|G45|G46|G51|G52|G53|G54|G55|G57|G59|G60|G61|G62|G64|G67|G68|G70|G72|G74|G75|G77|G80|G83|G88|G90|G99|G100|G101|G102|G103|G104|G105|G106|G108|G110|G111|G112|G113|G114|G115|G116|G117|G118|G125|G126|G128|G129|G130|G132|G133|G134|G135|G142|G143|G144|G148|G151|G152|G153|G155|G157|G158|G161|G163|G164|G165|G167|G168|G170|G172|G173|G174|G175|G176|G177|G180|G181|G182|G183|G184|G186|G187|G191|G199|G201|G202|G205|G207|G211|G215|G216|G217|G219|G221|G222|G224|G231|G232|G233|G234|G246|G248|G250|G251|G253|G255|G256|G259|G260|G261|G262|G263|G264|G265|G266|G267|G268|G269|G270|G271|G272|G273|G274|G275|G276|G277|G279|G280|G281|G282|G283|G286|G287|G290|G291|G292|G295|G297|G298|G300|G303|G306|G307|G309|G314|G316|G318"
"None",1,"","2H","2H:581007791","0","G3|G4|G5|G8|G9|G17|G18|G22|G25|G27|G30|G34|G38|G39|G41|G43|G44|G45|G46|G51|G52|G53|G54|G55|G57|G59|G60|G61|G62|G64|G67|G68|G70|G72|G74|G75|G77|G80|G83|G88|G90|G99|G100|G101|G102|G103|G104|G105|G106|G108|G110|G111|G112|G113|G114|G115|G116|G117|G118|G125|G126|G128|G129|G130|G132|G133|G134|G135|G142|G143|G144|G148|G151|G152|G153|G155|G157|G158|G161|G163|G164|G165|G167|G168|G170|G172|G173|G174|G175|G176|G177|G180|G181|G182|G183|G184|G186|G187|G191|G199|G201|G202|G205|G207|G211|G215|G216|G217|G219|G221|G222|G224|G231|G232|G233|G234|G246|G248|G250|G251|G253|G255|G256|G259|G260|G261|G262|G263|G264|G265|G266|G267|G268|G269|G270|G271|G272|G273|G274|G275|G276|G277|G279|G280|G281|G282|G283|G286|G287|G290|G291|G292|G295|G297|G298|G300|G303|G306|G307|G309|G314|G316|G318"
"None",1,"","2H","2H:582673984","0","G1|G4|G5|G8|G9|G13|G15|G17|G18|G19|G22|G24|G26|G27|G28|G30|G33|G34|G35|G36|G37|G38|G39|G40|G43|G44|G46|G47|G51|G52|G53|G54|G55|G56|G63|G65|G66|G67|G70|G71|G72|G74|G80|G83|G86|G88|G90|G94|G99|G101|G103|G106|G108|G110|G112|G114|G115|G116|G117|G118|G119|G121|G122|G125|G128|G130|G133|G134|G142|G143|G144|G145|G148|G151|G152|G155|G157|G158|G159|G161|G162|G163|G164|G165|G166|G167|G169|G170|G171|G172|G173|G174|G176|G177|G179|G186|G187|G188|G190|G191|G192|G194|G195|G196|G198|G199|G200|G201|G202|G203|G206|G208|G211|G212|G213|G214|G215|G218|G224|G225|G226|G234|G235|G236|G237|G238|G239|G248|G254|G256|G260|G266|G276|G284|G285|G286|G287|G288|G289|G290|G291|G292|G293|G295|G296|G297|G298|G300|G303|G305|G306|G307|G308|G311|G312|G313|G315|G316|G317"
